{
  "heroData": {
    "homeOneHero": {
      "bgImgLink": "/images/background/hero-bg.jpg",
      "imgLink": "/src/assets/images/marketerarifHossain.jpg",
      "title": "Arif <br /> Hossain",
      "subTitle": "Hello, I’m",
      "designation": "Digital Web Analyst",
      "fiverr": "https://www.fiverr.com/tracking_by_gtm",
      "upwork": "https://www.upwork.com/freelancers/trackingbygtm"
    },

    "homeTwoHero": {
      "imgAuthor": "/images/section/hero-img.jpg",
      "bgImgLink": "/images/background/hero-bg.jpg",
      "title": "Hi, I am <span>Jhon Doe</span>",
      "text": "I am a frontend web developer. I can provide clean code and pixel perfect design. <br>I also make website more & more interactive with web animations."
    },
    "homeThreeHero": {
      "imgAuthor": "/images/section/hero-img.jpg",
      "bgImgLink": "/images/background/hero-bg-1.jpg",
      "title": "Hi, I am <span>Jhon Doe</span>",
      "text": "I am a frontend web developer. I can provide clean code and pixel perfect design. <br>I also make website more & more interactive with web animations."
    },
    "homeFourHero": {
      "imgAuthor": "/images/section/hero-img.jpg",
      "bgImgLink": "/images/background/hero-bg-2.jpg",
      "title": "Hi, I am <span>Jhon Doe</span>",
      "text": "I am a frontend web developer. I can provide clean code and pixel perfect design. <br>I also make website more & more interactive with web animations."
    }
  },
  "aboutData": {
    "imgLink": "/images/section/about.jpg",
    "cvPdf": "/images/Resume.pdf",
    "title": "Hi There! I'm Arif Hossain",
    "subtitle": "Web analyst expert",
    "text": "I specialize in leveraging data to optimize online performance and improve digital strategies. With expertise in tools like Google Analytics 4 (GA4) and Google Tag Manager (GTM), I track and analyze user behavior, offering actionable insights to enhance website functionality and increase conversions. Whether it’s fine-tuning ad campaigns or understanding key performance metrics, I help businesses make data-driven decisions that lead to growth.",
    "details": [
      {
        "title": "Birthday",
        "info": "Dec 31, 1999"
      },
      {
        "title": "Phone",
        "info": "+88 0174-9827904"
      },
      {
        "title": "Email",
        "info": "hi@marketerarif.com"
      },
      {
        "title": "From",
        "info": "BangaBandhu Avenue Corporate, Motijhill Dhaka"
      },
      {
        "title": "Language",
        "info": "English, Bangla"
      },
      {
        "title": "Freelance",
        "info": "Available"
      }
    ]
  },
  "serviceData": {
    "services": [
      {
        "imgLink": "./images/icon/icon1.png",
        "title": "GA4 Implementation & Optimization",
        "text": "Upgrade your analytics with Google Analytics 4 (GA4) implementation, offering powerful insights into user journeys and events across your website and apps.",
        "effect": "zoom-out-up",
        "duration": "500",
        "delay": "200"
      },
      {
        "imgLink": "./images/icon/icon2.png",
        "title": "Web Analytics & Reporting",
        "text": "Unlock insights from your website’s data with detailed web analytics and reporting, helping you track user behavior, identify trends, and make informed decisions to improve performance.",
        "effect": "zoom-out-up",
        "duration": "500",
        "delay": "300"
      },
      {
        "imgLink": "./images/icon/icon5.png",
        "title": "Google Ads Campaign Management",
        "text": "Maximize your ad spend with expertly managed Google Ads campaigns, including keyword research, ad creation, and performance tracking to drive quality traffic.",
        "effect": "zoom-out-up",
        "duration": "500",
        "delay": "600"
      },
      {
        "imgLink": "./images/icon/icon4.png",
        "title": "Facebook Pixel Integration",
        "text": "Ensure accurate tracking of Facebook Ads performance by setting up and optimizing Facebook Pixel on your website for precise event tracking and better ad targeting.",
        "effect": "zoom-out-up",
        "duration": "500",
        "delay": "500"
      },

      {
        "imgLink": "./images/icon/icon3.png",
        "title": "Google Tag Manager Setup",
        "text": "Streamline your website’s tracking with professional Google Tag Manager (GTM) setup, allowing seamless integration for all your tags, events, and third-party tools.",
        "effect": "zoom-out-up",
        "duration": "500",
        "delay": "400"
      },
      {
        "imgLink": "./images/icon/icon6.png",
        "title": "WordPress & Shopify Development",
        "text": "Create high-performing, SEO-friendly websites on WordPress and Shopify that are tailored for user experience and optimized for conversions.",
        "effect": "zoom-out-up",
        "duration": "500",
        "delay": "700"
      }
    ]
  },
  "skillData": {
    "title": "All the skills I have in my field of work are highlighted below.",
    "text": "With years of experience in digital marketing, web development, and analytics, I’ve gained proficiency in tools and techniques that drive measurable results. From optimizing websites to setting up advanced tracking mechanisms, I possess the expertise to enhance user experience and improve business performance through data-driven strategies.",
    "skills": [
      {
        "title": "Google Analytics (GA4)",
        "progress": "90%",
        "effect": "fade-up",
        "duration": "500",
        "delay": "200"
      },
      {
        "title": "Google Tag Manager (GTM)",
        "progress": "95%",
        "effect": "fade-up",
        "duration": "500",
        "delay": "300"
      },
      {
        "title": "Facebook Pixel Integration (CAPI)",
        "progress": "90%",
        "effect": "fade-up",
        "duration": "500",
        "delay": "400"
      },
      {
        "title": "Google Ads Campaigns",
        "progress": "85%",
        "effect": "fade-up",
        "duration": "500",
        "delay": "500"
      },
      {
        "title": "WordPress Development",
        "progress": "80%",
        "effect": "fade-up",
        "duration": "500",
        "delay": "600"
      },
      {
        "title": "Shopify Development",
        "progress": "90%",
        "effect": "fade-up",
        "duration": "500",
        "delay": "700"
      }
    ]
  },
  "portfolioData": {
    "portfolioItems": [
      {
        "imgLink": "./images/portfolio/portfolio1.jpg",
        "imgLinkLg": "./images/portfolio/portfolio1_lg.jpg",
        "title": "Product Design",
        "subTitle": "Design / Marketing",
        "effect": "fade-up",
        "duration": "500",
        "delay": "200"
      },
      {
        "imgLink": "./images/portfolio/portfolio2.jpg",
        "imgLinkLg": "./images/portfolio/portfolio2_lg.jpg",
        "title": "Product Design",
        "subTitle": "Design / Marketing",
        "effect": "fade-up",
        "duration": "500",
        "delay": "300"
      },
      {
        "imgLink": "./images/portfolio/portfolio3.jpg",
        "imgLinkLg": "./images/portfolio/portfolio3_lg.jpg",
        "title": "Product Design",
        "subTitle": "Design / Marketing",
        "effect": "fade-up",
        "duration": "500",
        "delay": "400"
      },
      {
        "imgLink": "./images/portfolio/portfolio4.jpg",
        "imgLinkLg": "./images/portfolio/portfolio4_lg.jpg",
        "title": "Product Design",
        "subTitle": "Design / Marketing",
        "effect": "fade-up",
        "duration": "500",
        "delay": "500"
      },
      {
        "imgLink": "./images/portfolio/portfolio5.jpg",
        "imgLinkLg": "./images/portfolio/portfolio5_lg.jpg",
        "title": "Product Design",
        "subTitle": "Design / Marketing",
        "effect": "fade-up",
        "duration": "500",
        "delay": "600"
      },
      {
        "imgLink": "./images/portfolio/portfolio6.jpg",
        "imgLinkLg": "./images/portfolio/portfolio6_lg.jpg",
        "title": "Product Design",
        "subTitle": "Design / Marketing",
        "effect": "fade-up",
        "duration": "500",
        "delay": "700"
      },
      {
        "imgLink": "./images/portfolio/portfolio1.jpg",
        "imgLinkLg": "./images/portfolio/portfolio1_lg.jpg",
        "title": "Product Design",
        "subTitle": "Design / Marketing",
        "effect": "fade-up",
        "duration": "500",
        "delay": "200"
      },
      {
        "imgLink": "./images/portfolio/portfolio2.jpg",
        "imgLinkLg": "./images/portfolio/portfolio2_lg.jpg",
        "title": "Product Design",
        "subTitle": "Design / Marketing",
        "effect": "fade-up",
        "duration": "500",
        "delay": "300"
      },
      {
        "imgLink": "./images/portfolio/portfolio3.jpg",
        "imgLinkLg": "./images/portfolio/portfolio3_lg.jpg",
        "title": "Product Design",
        "subTitle": "Design / Marketing",
        "effect": "fade-up",
        "duration": "500",
        "delay": "400"
      },
      {
        "imgLink": "./images/portfolio/portfolio4.jpg",
        "imgLinkLg": "./images/portfolio/portfolio4_lg.jpg",
        "title": "Product Design",
        "subTitle": "Design / Marketing",
        "effect": "fade-up",
        "duration": "500",
        "delay": "500"
      },
      {
        "imgLink": "./images/portfolio/portfolio5.jpg",
        "imgLinkLg": "./images/portfolio/portfolio5_lg.jpg",
        "title": "Product Design",
        "subTitle": "Design / Marketing",
        "effect": "fade-up",
        "duration": "500",
        "delay": "600"
      },
      {
        "imgLink": "./images/portfolio/portfolio6.jpg",
        "imgLinkLg": "./images/portfolio/portfolio6_lg.jpg",
        "title": "Product Design",
        "subTitle": "Design / Marketing",
        "effect": "fade-up",
        "duration": "500",
        "delay": "700"
      },
      {
        "imgLink": "./images/portfolio/portfolio1.jpg",
        "imgLinkLg": "./images/portfolio/portfolio1_lg.jpg",
        "title": "Product Design",
        "subTitle": "Design / Marketing",
        "effect": "fade-up",
        "duration": "500",
        "delay": "200"
      },
      {
        "imgLink": "./images/portfolio/portfolio2.jpg",
        "imgLinkLg": "./images/portfolio/portfolio2_lg.jpg",
        "title": "Product Design",
        "subTitle": "Design / Marketing",
        "effect": "fade-up",
        "duration": "500",
        "delay": "300"
      },
      {
        "imgLink": "./images/portfolio/portfolio3.jpg",
        "imgLinkLg": "./images/portfolio/portfolio3_lg.jpg",
        "title": "Product Design",
        "subTitle": "Design / Marketing",
        "effect": "fade-up",
        "duration": "500",
        "delay": "400"
      },
      {
        "imgLink": "./images/portfolio/portfolio4.jpg",
        "imgLinkLg": "./images/portfolio/portfolio4_lg.jpg",
        "title": "Product Design",
        "subTitle": "Design / Marketing",
        "effect": "fade-up",
        "duration": "500",
        "delay": "500"
      },
      {
        "imgLink": "./images/portfolio/portfolio5.jpg",
        "imgLinkLg": "./images/portfolio/portfolio5_lg.jpg",
        "title": "Product Design",
        "subTitle": "Design / Marketing",
        "effect": "fade-up",
        "duration": "500",
        "delay": "600"
      },
      {
        "imgLink": "./images/portfolio/portfolio6.jpg",
        "imgLinkLg": "./images/portfolio/portfolio6_lg.jpg",
        "title": "Product Design",
        "subTitle": "Design / Marketing",
        "effect": "fade-up",
        "duration": "500",
        "delay": "700"
      },
      {
        "imgLink": "./images/portfolio/portfolio1.jpg",
        "imgLinkLg": "./images/portfolio/portfolio1_lg.jpg",
        "title": "Product Design",
        "subTitle": "Design / Marketing",
        "effect": "fade-up",
        "duration": "500",
        "delay": "200"
      },
      {
        "imgLink": "./images/portfolio/portfolio2.jpg",
        "imgLinkLg": "./images/portfolio/portfolio2_lg.jpg",
        "title": "Product Design",
        "subTitle": "Design / Marketing",
        "effect": "fade-up",
        "duration": "500",
        "delay": "300"
      },
      {
        "imgLink": "./images/portfolio/portfolio3.jpg",
        "imgLinkLg": "./images/portfolio/portfolio3_lg.jpg",
        "title": "Product Design",
        "subTitle": "Design / Marketing",
        "effect": "fade-up",
        "duration": "500",
        "delay": "400"
      },
      {
        "imgLink": "./images/portfolio/portfolio4.jpg",
        "imgLinkLg": "./images/portfolio/portfolio4_lg.jpg",
        "title": "Product Design",
        "subTitle": "Design / Marketing",
        "effect": "fade-up",
        "duration": "500",
        "delay": "500"
      },
      {
        "imgLink": "./images/portfolio/portfolio5.jpg",
        "imgLinkLg": "./images/portfolio/portfolio5_lg.jpg",
        "title": "Product Design",
        "subTitle": "Design / Marketing",
        "effect": "fade-up",
        "duration": "500",
        "delay": "600"
      }
    ]
  },
  "blogData": {
    "useFor": "blog",
    "sliderSetting": {
      "infinite": true,
      "speed": 500,
      "slidesToShow": 3,
      "slidesToScroll": 1,
      "arrows": false,
      "responsive": [
        {
          "breakpoint": 991,
          "settings": {
            "slidesToShow": 2,
            "autoplay": true
          }
        },
        {
          "breakpoint": 767,
          "settings": {
            "slidesToShow": 1,
            "autoplay": true
          }
        }
      ]
    },
    "informations": [
      {
        "imgLink": "./images/blog/blog1.jpg",
        "designation": "Admin",
        "date": "07-03-2023",
        "title": "latest trends in Graphic design according to you?",
        "href": "/blog/blog-details"
      },
      {
        "imgLink": "./images/blog/blog2.jpg",
        "designation": "Admin",
        "date": "07-03-2023",
        "title": "What are the latest trends in Graphic design according to you?",
        "href": "/blog/blog-details"
      },
      {
        "imgLink": "./images/blog/blog3.jpg",
        "designation": "Admin",
        "date": "07-03-2023",
        "title": "Trends in Graphic design according to you?",
        "href": "/blog/blog-details"
      },
      {
        "imgLink": "./images/blog/blog1.jpg",
        "designation": "Admin",
        "date": "07-03-2023",
        "title": "What are the latest trends in Graphic design according to you?",
        "href": "/blog/blog-details"
      },
      {
        "imgLink": "./images/blog/blog2.jpg",
        "designation": "Admin",
        "date": "07-03-2023",
        "title": "The latest trends in Graphic design according to you?",
        "href": "/blog/blog-details"
      },
      {
        "imgLink": "./images/blog/blog3.jpg",
        "designation": "Admin",
        "date": "07-03-2023",
        "title": "What are the latest trends in Graphic design according to you?",
        "href": "/blog/blog-details"
      }
    ]
  },
  "reviewData": {
    "useFor": "review",
    "sliderSetting": {
      "infinite": true,
      "speed": 500,
      "slidesToShow": 3,
      "slidesToScroll": 1,
      "arrows": false,
      "responsive": [
        {
          "breakpoint": 991,
          "settings": {
            "slidesToShow": 2,
            "autoplay": true
          }
        },
        {
          "breakpoint": 767,
          "settings": {
            "slidesToShow": 1,
            "autoplay": true
          }
        }
      ]
    },
    "informations": [
      {
        "imgLink": "./images/client/client1.png",
        "title": "Richard Miles",
        "designation": "Chairman",
        "text": "Lorem ipsum dolor sit, amet consectetur adipisicing elit. Ullam accusamus autem itaque blanditiis enim debitis totam facilis reiciendis voluptate aspernatur!"
      },
      {
        "imgLink": "./images/client/client2.png",
        "title": "Vesta Shufelt",
        "designation": "Executive Director",
        "text": "Lorem ipsum dolor sit, amet consectetur adipisicing elit. Ullam accusamus autem itaque blanditiis enim debitis totam facilis reiciendis voluptate aspernatur!"
      },
      {
        "imgLink": "./images/client/client3.png",
        "title": "Joseph Alves",
        "designation": "Managing Director",
        "text": "Lorem ipsum dolor sit, amet consectetur adipisicing elit. Ullam accusamus autem itaque blanditiis enim debitis totam facilis reiciendis voluptate aspernatur!"
      },
      {
        "imgLink": "./images/client/client1.png",
        "title": "Richard Miles",
        "designation": "Chairman",
        "text": "Lorem ipsum dolor sit, amet consectetur adipisicing elit. Ullam accusamus autem itaque blanditiis enim debitis totam facilis reiciendis voluptate aspernatur!"
      },
      {
        "imgLink": "./images/client/client2.png",
        "title": "Vesta Shufelt",
        "designation": "Executive Director",
        "text": "Lorem ipsum dolor sit, amet consectetur adipisicing elit. Ullam accusamus autem itaque blanditiis enim debitis totam facilis reiciendis voluptate aspernatur!"
      },
      {
        "imgLink": "./images/client/client3.png",
        "title": "Joseph Alves",
        "designation": "Managing Director",
        "text": "Lorem ipsum dolor sit, amet consectetur adipisicing elit. Ullam accusamus autem itaque blanditiis enim debitis totam facilis reiciendis voluptate aspernatur!"
      }
    ]
  },
  "resumeData": {
    "experienceTitle": "Experience",
    "experience": [
      {
        "title": "Founder TrackingbyGTM",
        "duration": "June 2023 - Present",
        "subTitle": "Tutor entrepreneur ",
        "text": "As the founder of TrackingbyGTM, I specialize in teaching businesses and individuals how to leverage tools like Google Tag Manager (GTM) and Facebook Pixel to track user behavior and optimize digital marketing efforts. I design and deliver in-depth courses that simplify complex tracking systems, helping professionals implement data-driven strategies for better performance."
      },
      {
        "title": "Digital makreting course tutor",
        "duration": "Jan 2020 - December 2023",
        "subTitle": "Skillupper & WebVisionsBD",
        "text": "I have been a lead tutor for digital marketing courses, covering core areas such as Google Ads, GA4, GTM, and Facebook Pixel. At Skillupper and WebVisionsBD, I’ve helped students and businesses master the skills needed to run successful digital marketing campaigns and enhance their online presence. My courses focus on practical implementation and measurable results."
      },
      {
        "title": "Web Analytics Expert ",
        "duration": "Jan 2014 - December 2015",
        "subTitle": "GA4,GTM,FB(CAPI),GMC,Google ads ",
        "text": "During this period, I worked as a Web Analytics Expert, providing data-driven insights to optimize online performance. I implemented advanced analytics setups using Google Analytics 4 (GA4), Google Tag Manager (GTM), Facebook Conversion API (CAPI), Google Merchant Center (GMC), and Google Ads. My expertise helped businesses track critical metrics, make informed decisions, and improve their digital marketing strategies."
      }
    ],
    "educationTitle": "Education",
    "education": [
      {
        "title": "Master of Computer Science",
        "duration": "2023 - 2025 (expected)",
        "subTitle": "Jahangirnagar University",
        "text": "Jahangirnagar University is a fully residential public research university located in Savar, Dhaka, Bangladesh. Known for its beautiful campus and vibrant academic environment, it offers a wide range of programs across various disciplines. The university is recognized for its strong emphasis on research and education,"
      },
      {
        "title": "Bachelor of Computer Science",
        "duration": "2018 - 2022",
        "subTitle": "Dhaka University of Engineering and Technology",
        "text": "Dhaka University of Engineering & Technology (DUET), Gazipur, commonly known as DUET and formerly BIT Dhaka, is a public engineering and technological research university located in Gazipur, Bangladesh. DUET specializes in offering undergraduate and postgraduate degrees in engineering"
      },
      {
        "title": "Diploma in Computer Science",
        "duration": "2014 - 2018",
        "subTitle": "Dinajpur Polytechnic institute",
        "text": "DINAJPUR Polytechnic institute a largest and reputed Government polytechnic institute in Bangladesh which was established in 1964."
      },
      {
        "title": "✅ Certifications:",
        "duration": "",
        "subTitle": "Provider: Google",
        "text": "• Google Ads Display Certification\n• Google Ads Search Certification\n• Google Analytics Individual Qualification\n• Google Ads Measurement Certification\n• Google Ads Video Certification\n• Fundamentals of Digital Marketing\n• Google Ads Fundamentals"
      }
    ]
  },
  "contactData": {
    "formTitle": "Just say Hello",
    "title": "Contact Info",
    "subTitle": "Visite my social profile and get connected",
    "text": "I'm always here to assist you. Whether you have inquiries about our services, need support, or just want to get in touch, feel free to reach out via the methods below. Our team will respond promptly to ensure you have all the information and assistance you need."
  },
  "socialData": [
    {
      "icon": "facebook-f",
      "title": "Facebook",
      "link": "https://facebook.com/marketerarifhossain"
    },
    {
      "icon": "whatsapp",
      "title": "WhatsApp",
      "link": "https://wa.me/8801749827904"
    },
    {
      "icon": "youtube",
      "title": "YouTube",
      "link": "https://youtube.com/@marketerarifhossain"
    },
    {
      "icon": "linkedin",
      "title": "LinkedIn",
      "link": "https://www.linkedin.com/in/marketerarifhossain/"
    }
  ],
  "socialData2": [
    {
      "icon": "facebook-f",
      "link": "/facebook"
    },
    {
      "icon": "twitter",
      "link": "/twitter"
    },
    {
      "icon": "github",
      "link": "/github"
    }
  ]
}
